id,name,search_name,generic,category,category_assumed,needs_review,duplicate,quantity,reorder_level,unit_cost
1,CARBEMEZEPINE TAB 200MG,CARBEMEZEPINE TAB 200MG,,Tablet/Capsule,,YES,,0,,
2,CLOFENAC 50,CLOFENAC 50,,Tablet/Capsule,,,,0,,
3,NEUROVITE FORTE,NEUROVITE FORTE,,Tablet/Capsule,,,,0,,
4,DOPATAB (METHYDOPA 250MG),DOPATAB,METHYDOPA 250MG,Tablet/Capsule,,,,0,,
5,ANOROL (PARACETAMOL BOPHEN),ANOROL,PARACETAMOL BOPHEN,Tablet/Capsule,,,,0,,
6,CLAMIDE (GLIBENCLOMIDE 5MG),CLAMIDE,GLIBENCLOMIDE 5MG,Tablet/Capsule,,YES,,0,,
7,LORATADIN (LORATIDINE 10MG),LORATADIN,LORATIDINE 10MG,Tablet/Capsule,,YES,,0,,
8,FEXOVID 180MG (FEXOFENADE),FEXOVID 180MG,FEXOFENADE,Tablet/Capsule,,YES,,0,,
9,DOXYCAP,DOXYCAP,,Tablet/Capsule,,,,0,,
10,DIABETMIN,DIABETMIN,,Tablet/Capsule,,,,0,,
11,LUTER (ARTHEMETHE LUMETRAN),LUTER,ARTHEMETHE LUMETRAN,Tablet/Capsule,,YES,,0,,
12,VIREST 400MG (A CICLOVIR),VIREST 400MG,A CICLOVIR,Tablet/Capsule,,YES,,0,,
13,VIREST 200MG (A CICLOVIR),VIREST 200MG,A CICLOVIR,Tablet/Capsule,,YES,,0,,
14,FLUCOR DAY,FLUCOR DAY,,Tablet/Capsule,,,,0,,
15,ANLODIPINE BY NORADINE,ANLODIPINE BY NORADINE,,Tablet/Capsule,,YES,,0,,
16,AVOMINE TAB,AVOMINE TAB,,Tablet/Capsule,,,,0,,
17,MIXAGRIP TAB,MIXAGRIP TAB,,Tablet/Capsule,,,,0,,
18,PROCOLD TAB,PROCOLD TAB,,Tablet/Capsule,,,,0,,
19,MIXANAL TAB,MIXANAL TAB,,Tablet/Capsule,,,,0,,
20,BOSKA TAB,BOSKA TAB,,Tablet/Capsule,,,,0,,
21,FOR PAIN,FOR PAIN,,Tablet/Capsule,,,,0,,
22,SUDREX,SUDREX,,Tablet/Capsule,,,,0,,
23,LONART X24,LONART X24,,Tablet/Capsule,,,,0,,
24,ZAIKI AFTER 5,ZAIKI AFTER 5,,Tablet/Capsule,,,,0,,
25,DANACID BY 1000,DANACID BY 1000,,Tablet/Capsule,,,,0,,
26,DANACID SACHET,DANACID SACHET,,Tablet/Capsule,,,,0,,
27,CUROFENAC TAB,CUROFENAC TAB,,Tablet/Capsule,,,,0,,
28,(PREDICURE) PREDISOLONE TAB,PREDISOLONE TAB,PREDICURE,Tablet/Capsule,,,,0,,
29,VASOPRIN,VASOPRIN,,Tablet/Capsule,,,,0,,
30,XASTEN (DEXAMETHASONE),XASTEN,DEXAMETHASONE,Tablet/Capsule,,,,0,,
31,M&B PARACETAMOL,M&B PARACETAMOL,,Tablet/Capsule,,,,0,,
32,TETRACYCLINE TAB 250MG,TETRACYCLINE TAB 250MG,,Tablet/Capsule,,,,0,,
33,AMPICILIN CAPSULE,AMPICILIN CAPSULE,,Tablet/Capsule,,YES,,0,,
34,CYPRONTAB (CYPROHEPTADINE),CYPRONTAB,CYPROHEPTADINE,Tablet/Capsule,,,,0,,
35,OMEPRAZOLE CAP BY FAMA,OMEPRAZOLE CAP BY FAMA,,Tablet/Capsule,,,,0,,
36,EMCAP PARACETAMOL BY 1000,EMCAP PARACETAMOL BY 1000,,Tablet/Capsule,,,,0,,
37,AMITRIPTILINE BY 1000,AMITRIPTILINE BY 1000,,Tablet/Capsule,,YES,,0,,
38,NAZAMOX 500MG (AMOXICILIN CAP),NAZAMOX 500MG,AMOXICILIN CAP,Tablet/Capsule,,YES,,0,,
39,NONSIPA 500MG (CEFUROXINE),NONSIPA 500MG,CEFUROXINE,Tablet/Capsule,,YES,,0,,
40,EMTRIM TAB (CO-TRIMASOLE),EMTRIM TAB,CO-TRIMASOLE,Tablet/Capsule,,YES,,0,,
41,CLARY 500 (CLARITHROMYCIN),CLARY 500,CLARITHROMYCIN,Tablet/Capsule,,,,0,,
42,LACLOX CAPSULE (AMPICILINE CLOXA),LACLOX CAPSULE,AMPICILINE CLOXA,Tablet/Capsule,,YES,,0,,
43,EUROCLOX 500MG (AMPICILIN ECLOX),EUROCLOX 500MG,AMPICILIN ECLOX,Tablet/Capsule,,YES,,0,,
44,AQUACLAV 625MG,AQUACLAV 625MG,,Tablet/Capsule,,,,0,,
45,MECURE (AMOXICILIN E CLAVULANIC),MECURE,AMOXICILIN E CLAVULANIC,Tablet/Capsule,,YES,,0,,
46,PIVOLOCIN (LEVOFLOXACIN),PIVOLOCIN,LEVOFLOXACIN,Tablet/Capsule,,,,0,,
47,EZCEF (CEFIXIME USP 400MG),EZCEF,CEFIXIME USP 400MG,Tablet/Capsule,,,,0,,
48,RB CARE (RABEPRAZOL),RB CARE,RABEPRAZOL,Tablet/Capsule,,,,0,,
49,BERLIN (PEPTHAXOCIN) 400MG 160C,BERLIN 400MG 160C,PEPTHAXOCIN,Tablet/Capsule,,YES,,0,,
50,RILOX 400MG (OFLOXACIN),RILOX 400MG,OFLOXACIN,Tablet/Capsule,,,,0,,
51,VEGA 100 SIGNATURE,VEGA 100 SIGNATURE,,Tablet/Capsule,,,,0,,
52,VIRGA 100 (SILDENAFIL),VIRGA 100,SILDENAFIL,Tablet/Capsule,,,,0,,
53,VIGOR CHOCOLATE,VIGOR CHOCOLATE,,Tablet/Capsule,,,,0,,
54,POSTINOR 2 (BRANDED),POSTINOR 2,BRANDED,Tablet/Capsule,,,,0,,
55,POST PILL,POST PILL,,Tablet/Capsule,,,,0,,
56,SASTYMIN CAPSULE,SASTYMIN CAPSULE,,Tablet/Capsule,,,,0,,
57,ASTYFER CAPSULE,ASTYFER CAPSULE,,Tablet/Capsule,,,,0,,
58,ARTHEMED 80/480 (ARTHEMETER),ARTHEMED 80/480,ARTHEMETER,Tablet/Capsule,,,,0,,
59,CHYMORAL TAB BY GLOWMORAL,CHYMORAL TAB BY GLOWMORAL,,Tablet/Capsule,,,,0,,
60,NIFECURE (NIFEDIPINE),NIFECURE,NIFEDIPINE,Tablet/Capsule,,,,0,,
61,(NUCARD) VALSARTAN 80MG,VALSARTAN 80MG,NUCARD,Tablet/Capsule,,,,0,,
62,ZOUT (ALBENDAZOLE 200MG),ZOUT,ALBENDAZOLE 200MG,Tablet/Capsule,,,,0,,
63,VIT C BY 100 (BRANDED),VIT C BY 100,BRANDED,Tablet/Capsule,,,,0,,
64,VIT C BY 100,VIT C BY 100,,Tablet/Capsule,,,,0,,
65,UNICURE IBUTEN 400MG,UNICURE IBUTEN 400MG,,Tablet/Capsule,,,,0,,
66,LOKNAL DISPERSIBLE (ANTI-MAL),LOKNAL DISPERSIBLE,ANTI-MAL,Tablet/Capsule,,,,0,,
67,LIFENOL,LIFENOL,,Tablet/Capsule,,,,0,,
68,DIAGLOW (LOPERAMIDE),DIAGLOW,LOPERAMIDE,Tablet/Capsule,,,,0,,
69,QUINENE TAB 300MG,QUINENE TAB 300MG,,Tablet/Capsule,,,,0,,
70,EMZOR PARACETAMOL,EMZOR PARACETAMOL,,Tablet/Capsule,,,,0,,
71,TORSIMEX 20MG,TORSIMEX 20MG,,Tablet/Capsule,,,,0,,
72,BEDEX VALSARTAN 160MG SFH,BEDEX VALSARTAN 160MG SFH,,Tablet/Capsule,,,,0,,
73,ALABUKUN X SACHET,ALABUKUN X SACHET,,Tablet/Capsule,,,,0,,
74,MAMLAR TAB,MAMLAR TAB,,Tablet/Capsule,,,,0,,
75,AMATEM FORTE,AMATEM FORTE,,Tablet/Capsule,,,,0,,
76,AMATEM SOFT GEL 20/120,AMATEM SOFT GEL 20/120,,Tablet/Capsule,,,,0,,
77,BEECHAM AMPICLOX CAP 500MG,BEECHAM AMPICLOX CAP 500MG,,Tablet/Capsule,,,,0,,
78,ARENAX PLUS X6,ARENAX PLUS X6,,Tablet/Capsule,,,,0,,
79,ARENAX PLUS X18,ARENAX PLUS X18,,Tablet/Capsule,,,,0,,
80,ARENAX PLUS 12X,ARENAX PLUS 12X,,Tablet/Capsule,,,,0,,
81,ASTIN -10 (ATORVASTATIN),ASTIN -10,ATORVASTATIN,Tablet/Capsule,,,,0,,
82,CAMOSUNATE 7-13yrs,CAMOSUNATE 7-13yrs,,Tablet/Capsule,,,,0,,
83,CAMOSUNATE 1-6 yrs,CAMOSUNATE 1-6 yrs,,Tablet/Capsule,,,,0,,
84,CENPAIN NIGHT,CENPAIN NIGHT,,Tablet/Capsule,,,,0,,
85,CHUKA PAIN,CHUKA PAIN,,Tablet/Capsule,,,,0,,
86,COATAL TAB 20/120 X24,COATAL TAB 20/120 X24,,Tablet/Capsule,,,,0,,
87,DIABETMIN TAB BY NOVID,DIABETMIN TAB BY NOVID,,Tablet/Capsule,,,,0,,
88,DOLO META B 10 X10 BY 100 BY ..NOX,DOLO META B 10 X10 BY 100 BY ..NOX,,Tablet/Capsule,,,,0,,
89,EPROXEN 500 (NAPOXEN Z650),EPROXEN 500,NAPOXEN Z650,Tablet/Capsule,,YES,,0,,
90,FLUCOX 150MG (FLUCONAZOLE),FLUCOX 150MG,FLUCONAZOLE,Tablet/Capsule,,,,0,,
91,IBASUNATE SOFTGEL,IBASUNATE SOFTGEL,,Tablet/Capsule,,,,0,,
92,5 % D/S,5 % D/S,,Infusion,,,,0,,
93,IVF CIPROFLOXACIN,IVF CIPROFLOXACIN,,Infusion,,,,0,,
94,RINGERS,RINGERS,,Infusion,,,,0,,
95,4.3 D/S,4.3 D/S,,Infusion,,,,0,,
96,NORMAL SALINE,NORMAL SALINE,,Infusion,,,,0,,
97,IVF METRONIDAZOLE,IVF METRONIDAZOLE,,Infusion,,,,0,,
98,IVF LEVOFLOXACIN,IVF LEVOFLOXACIN,,Infusion,,,,0,,
99,IVF FLUCONAZOLE,IVF FLUCONAZOLE,,Infusion,,,,0,,
100,GYNAMED VAGINA CREAM 2%,GYNAMED VAGINA CREAM 2%,,Topical,,,,0,,
101,MYCOTIN PLUS VAGINAL CREAM,MYCOTIN PLUS VAGINAL CREAM,,Topical,,,,0,,
102,NEOSKIN,NEOSKIN,,Topical,,,,0,,
103,VISTA PLUS,VISTA PLUS,,Topical,,,,0,,
104,TYDINEAL,TYDINEAL,,Topical,,,,0,,
105,DICLOMOL GEL,DICLOMOL GEL,,Topical,,,,0,,
106,KY GELLY LUBRICANT,KY GELLY LUBRICANT,,Topical,,,,0,,
107,GOLD CIRCLE CONDOM,GOLD CIRCLE CONDOM,,Topical,,,,0,,
108,PT STRIP (PREGNANCY TEST STRIP),PT STRIP,PREGNANCY TEST STRIP,Topical,,,,0,,
109,TAB METISAN,TAB METISAN,,Topical,,,,0,,
110,TRIBOTAN BABY CREAM,TRIBOTAN BABY CREAM,,Topical,,,,0,,
111,QUADRICLEAR CREAM,QUADRICLEAR CREAM,,Topical,,,,0,,
112,HYDROCORTISONE CREAM,HYDROCORTISONE CREAM,,Topical,,,,0,,
113,ABONIKI,ABONIKI,,Topical,,,,0,,
114,BONJELA CREAM,BONJELA CREAM,,Topical,,,,0,,
115,PERMETRIN CREAM,PERMETRIN CREAM,,Topical,,YES,,0,,
116,DEEP HEAT SPRAY,DEEP HEAT SPRAY,,Topical,,,,0,,
117,NEUROGESIC CREAM (BIG),NEUROGESIC CREAM,BIG,Topical,,,,0,,
118,NEUROGESIC CREAM (SMALL),NEUROGESIC CREAM,SMALL,Topical,,,,0,,
119,SKINEAL CREAM,SKINEAL CREAM,,Topical,,,,0,,
120,EPIDERM CREAM,EPIDERM CREAM,,Topical,,,,0,,
121,NIXODERM CREAM,NIXODERM CREAM,,Topical,,,,0,,
122,CANESTEN CREAM,CANESTEN CREAM,,Topical,,,,0,,
123,LOFNAC GEL,LOFNAC GEL,,Topical,,,,0,,
124,AXORAL (KETOCONAZOLE) CREAM,AXORAL CREAM,KETOCONAZOLE,Topical,,,,0,,
125,FUNBACT-A CREAM,FUNBACT-A CREAM,,Topical,,,,0,,
126,25G DERMAZIN CREAM SMALL,25G DERMAZIN CREAM SMALL,,Topical,,,,0,,
127,GYNAMED CLOTRIMAZOLE VAGINAL TAB,GYNAMED CLOTRIMAZOLE VAGINAL TAB,,Suppository/Pessary,,,,0,,
128,KLINFAST SYRUP,KLINFAST SYRUP,,Suppository/Pessary,,,,0,,
129,KLINFAST FORTE SYRUP,KLINFAST FORTE SYRUP,,Suppository/Pessary,,,,0,,
130,MYCOTEN TAB,MYCOTEN TAB,,Suppository/Pessary,,,,0,,
131,DONYSTATIN VAGINAL TAB,DONYSTATIN VAGINAL TAB,,Suppository/Pessary,,,,0,,
132,CLINDESS,CLINDESS,,Suppository/Pessary,,,,0,,
133,DICLOFENAC SUPPOSITORY,DICLOFENAC SUPPOSITORY,,Suppository/Pessary,,,,0,,
134,BISACODYL SUPPOSITORY,BISACODYL SUPPOSITORY,,Suppository/Pessary,,,,0,,
135,KLOVINAL PESSARY,KLOVINAL PESSARY,,Suppository/Pessary,,,,0,,
136,DICLOLAX (BRANDED),DICLOLAX,BRANDED,Suppository/Pessary,,,,0,,
137,AMISOL SUPPOSITORY,AMISOL SUPPOSITORY,,Suppository/Pessary,,,,0,,
138,CALCIUM (CAL-D3),CALCIUM,CAL-D3,Suppository/Pessary,,,,0,,
139,DICLOFENAC INJ,DICLOFENAC INJ,,Injection,,,,0,,
140,FRUSEMIDE INJ,FRUSEMIDE INJ,,Injection,,,,0,,
141,DEXAMETHASONE INJ,DEXAMETHASONE INJ,,Injection,,,,0,,
142,OXYTOCIN,OXYTOCIN,,Injection,,,,0,,
143,OMEPRAZOLE INJ,OMEPRAZOLE INJ,,Injection,,,,0,,
144,MAGNESIUM SULPHATE INJ,MAGNESIUM SULPHATE INJ,,Injection,,,,0,,
145,RABEPRAZOLE (RABEPRAH 20),RABEPRAZOLE,RABEPRAH 20,Injection,,,,0,,
146,(AMERICAN REMEDY) RABEPRAZOLE INJ,RABEPRAZOLE INJ,AMERICAN REMEDY,Injection,,,,0,,
147,LABETALOL INJ,LABETALOL INJ,,Injection,,,,0,,
148,GENTAMYCIN INJ,GENTAMYCIN INJ,,Injection,,,,0,,
149,STERILE WATER,STERILE WATER,,Injection,,,,0,,
150,QUININE INJ,QUININE INJ,,Injection,,,,0,,
151,HYDROCORTISONE,HYDROCORTISONE,,Injection,,,,0,,
152,KETAMIN,KETAMIN,,Injection,,YES,,0,,
153,XYLOCAINE PLAIN,XYLOCAINE PLAIN,,Injection,,,,0,,
154,XYLOCAINE PLUS (LIDOCAINE PALS),XYLOCAINE PLUS,LIDOCAINE PALS,Injection,,YES,,0,,
155,CEFUROXINE,CEFUROXINE,,Injection,,YES,,0,,
156,TRANEXAMIC ACID,TRANEXAMIC ACID,,Injection,,,,0,,
157,MEROPENEM 1000MG,MEROPENEM 1000MG,,Injection,,,,0,,
158,MEROPENEM 500MG,MEROPENEM 500MG,,Injection,,,,0,,
159,CEFTRIAZONE,CEFTRIAZONE,,Injection,,YES,,0,,
160,PENTAZOCINE,PENTAZOCINE,,Injection,,,,0,,
161,ARTESUNATE 60MG,ARTESUNATE 60MG,,Injection,,,,0,,
162,ARTESUNATE120MG UNBRANDED,ARTESUNATE120MG UNBRANDED,,Injection,,,,0,,
163,TANDAK,TANDAK,,Injection,,,,0,,
164,PROMETHAZINE,PROMETHAZINE,,Injection,,,,0,,
165,(BUSCOPAN) HUOSINE,HUOSINE,BUSCOPAN,Injection,,YES,,0,,
166,diazepam,diazepam,,Injection,,,,0,,
167,ATEMETHER 80MG / 1ML,ATEMETHER 80MG / 1ML,,Injection,,YES,,0,,
168,a-b ARTHETER,a-b ARTHETER,,Injection,,YES,,0,,
169,CO-AMOXICLAV 1.2,CO-AMOXICLAV 1.2,,Injection,,,,0,,
170,VIT B.CO INJ,VIT B.CO INJ,,Injection,,,,0,,
171,PCM INJ,PCM INJ,,Injection,,,,0,,
172,ROCEPHIN,ROCEPHIN,,Injection,,,,0,,
173,MELOCLOPROMIDE INJ,MELOCLOPROMIDE INJ,,Injection,,YES,,0,,
174,BRANDED EMAL,BRANDED EMAL,,Injection,,,,0,,
175,GASTROLOC OMEPRAZOLE,GASTROLOC OMEPRAZOLE,,Injection,,,,0,,
176,AVENTA FRUSENIDE,AVENTA FRUSENIDE,,Injection,,YES,,0,,
177,PAUCO (METOCLOPROMIDE),PAUCO,METOCLOPROMIDE,Injection,,YES,,0,,
178,UKAMOX (CO-AMOXICLAV),UKAMOX,CO-AMOXICLAV,Injection,,,,0,,
179,CO-AMOXICLAV 1.2 INJ,CO-AMOXICLAV 1.2 INJ,,Injection,,,,0,,
180,TROXONE FORT INJ,TROXONE FORT INJ,,Injection,,,,0,,
181,HYDROCORT BY NELB,HYDROCORT BY NELB,,Injection,,,,0,,
182,MEGA 2D INJ (CEPTRIAZOLE& SAL),MEGA 2D INJ,CEPTRIAZOLE& SAL,Injection,,,,0,,
183,TRANONCINOLONE INJ,TRANONCINOLONE INJ,,Injection,,YES,,0,,
184,AMINOPHILINE,AMINOPHILINE,,Injection,,YES,,0,,
185,REEKMAL 120MG,REEKMAL 120MG,,Injection,,,,0,,
186,TETANUS VACINE (10 PCS PER ROLL),TETANUS VACINE,10 PCS PER ROLL,Injection,,YES,,0,,
187,TRAMADOL,TRAMADOL,,Injection,,,,0,,
188,ERGOMETRIN,ERGOMETRIN,,Injection,,YES,,0,,
189,ADRENALINE INJ,ADRENALINE INJ,,Injection,,,,0,,
190,VIT C INJ,VIT C INJ,,Injection,,,,0,,
191,ACUPAN INJ,ACUPAN INJ,,Injection,,,,0,,
192,HALOPERIDOL INJ,HALOPERIDOL INJ,,Injection,,,,0,,
193,POTASSIUM CHLORIDE INJ,POTASSIUM CHLORIDE INJ,,Injection,,,,0,,
194,INJ ONOZENTRIN,INJ ONOZENTRIN,,Injection,,YES,,0,,
195,INJ ONDASENTRON,INJ ONDASENTRON,,Injection,,YES,,0,,
196,INJ RABIPRA,INJ RABIPRA,,Injection,,,,0,,
197,ANTALLERGE EYEDROP,ANTALLERGE EYEDROP,,Eyedrop,,,,0,,
198,CIPRO EYEDROP,CIPRO EYEDROP,,Eyedrop,,,,0,,
199,GENTACIN EYEDROP,GENTACIN EYEDROP,,Eyedrop,,,,0,,
200,OTOMED EYEDROP,OTOMED EYEDROP,,Eyedrop,,,,0,,
201,CHLORAMPHENICOL,CHLORAMPHENICOL,,Eyedrop,,,,0,,
202,IBUCAP CAPSULE,IBUCAP CAPSULE,,Tablet/Capsule,YES,,,0,,
203,LEUCAST 10MG TAB,LEUCAST 10MG TAB,,Tablet/Capsule,YES,,,0,,
204,LOPERAMIDE LIFEMOTIL TAB,LOPERAMIDE LIFEMOTIL TAB,,Tablet/Capsule,YES,,,0,,
205,LISINOPRIL 10MG [POCCO],LISINOPRIL 10MG,POCCO,Tablet/Capsule,YES,,,0,,
206,LOFNAC TAB,LOFNAC TAB,,Tablet/Capsule,YES,,,0,,
207,[CEFUROXIME] MIRAXIM 250MG CAP,MIRAXIM 250MG CAP,CEFUROXIME,Tablet/Capsule,YES,,,0,,
208,NIFECURE TAB,NIFECURE TAB,,Tablet/Capsule,YES,,,0,,
209,NIFEDIN DEXCEL [NIFEDIPINE],NIFEDIN DEXCEL,NIFEDIPINE,Tablet/Capsule,YES,,,0,,
210,NORGESIC TAB,NORGESIC TAB,,Tablet/Capsule,YES,,,0,,
211,P-ALAXIN TAB,P-ALAXIN TAB,,Tablet/Capsule,YES,,,0,,
212,REALLY EXTRA,REALLY EXTRA,,Tablet/Capsule,YES,,,0,,
213,TABALON [IBUPROFEN] 400MG,TABALON 400MG,IBUPROFEN,Tablet/Capsule,YES,,,0,,
214,TAMADIPINE - 10,TAMADIPINE - 10,,Tablet/Capsule,YES,,,0,,
215,LONARD DS,LONARD DS,,Tablet/Capsule,YES,,,0,,
216,UTTAPRO [CIPROFLOXACIN],UTTAPRO,CIPROFLOXACIN,Tablet/Capsule,YES,,,0,,
217,GLOBETA 625 [AMOXICILIN AND POTA],GLOBETA 625,AMOXICILIN AND POTA,Tablet/Capsule,YES,YES,,0,,
218,AXEREM 250MG TAB [AZITHROMYCIN],AXEREM 250MG TAB,AZITHROMYCIN,Tablet/Capsule,YES,,,0,,
219,DONYFLOX LEUOFLOXACIN 500MG,DONYFLOX LEUOFLOXACIN 500MG,,Tablet/Capsule,YES,YES,,0,,
220,ARTEMETHER AND LUMENFANTRINE BY DONY 20/120MG,ARTEMETHER AND LUMENFANTRINE BY DONY 20/120MG,,Tablet/Capsule,YES,YES,,0,,
221,ARTEMETHER AND LUMENFANTRINE BY DONY 80/480MG,ARTEMETHER AND LUMENFANTRINE BY DONY 80/480MG,,Tablet/Capsule,YES,YES,,0,,
222,TIPKIN-200 [CEFPODOXIME],TIPKIN-200,CEFPODOXIME,Tablet/Capsule,YES,,,0,,
223,TAB CO-CODAMOL 8MG/500MG,TAB CO-CODAMOL 8MG/500MG,,Tablet/Capsule,YES,,,0,,
224,M&B CIPROFLOXACIN,M&B CIPROFLOXACIN,,Tablet/Capsule,YES,,,0,,
225,MEPRASIL CAPSULE [OMEPRAZOLE],MEPRASIL CAPSULE,OMEPRAZOLE,Tablet/Capsule,YES,,,0,,
226,EMGIL 200MG [FLAGIL],EMGIL 200MG,FLAGIL,Tablet/Capsule,YES,,,0,,
227,EMGIL 400MG [FLAGIL],EMGIL 400MG,FLAGIL,Tablet/Capsule,YES,,,0,,
228,SELENIUM SUPPLEMENT,SELENIUM SUPPLEMENT,,Tablet/Capsule,YES,,,0,,
229,VITAMIN C X1000 (ORANGE),VITAMIN C X1000,ORANGE,Tablet/Capsule,YES,,,0,,
230,VITAMIN C X1000 (WHITE),VITAMIN C X1000,WHITE,Tablet/Capsule,YES,,,0,,
231,TAB PREGABALIN,TAB PREGABALIN,,Tablet/Capsule,YES,,,0,,
232,TAB NORMERETIC,TAB NORMERETIC,,Tablet/Capsule,YES,,,0,,
233,VENTOLIN TAB X 1000,VENTOLIN TAB X 1000,,Tablet/Capsule,YES,,,0,,
234,200MG EXCELEX CAPSULE (CELEROXIB),200MG EXCELEX CAPSULE,CELEROXIB,Tablet/Capsule,YES,,,0,,
235,AMOXICILIN CAPSULE (BEECHAM) 500MG,AMOXICILIN CAPSULE 500MG,BEECHAM,Tablet/Capsule,YES,YES,,0,,
236,DOGREL 75M (CLOPIDOGREL),DOGREL 75M,CLOPIDOGREL,Tablet/Capsule,YES,,,0,,
237,ATENOCOL 50MG,ATENOCOL 50MG,,Tablet/Capsule,YES,,,0,,
238,ATENOCOL 100MG,ATENOCOL 100MG,,Tablet/Capsule,YES,,,0,,
239,LOSATRAN 50MG (RISTA 50),LOSATRAN 50MG,RISTA 50,Tablet/Capsule,YES,,,0,,
240,LISINOPRIL 5MG (DOSTRIL),LISINOPRIL 5MG,DOSTRIL,Tablet/Capsule,YES,,,0,,
241,FLACOXTO - 200MG (CELECOXIB),FLACOXTO - 200MG,CELECOXIB,Tablet/Capsule,YES,,,0,,
242,BY 30 COGNITOL TAB (VINPOCENTIN) 5MG,BY 30 COGNITOL TAB 5MG,VINPOCENTIN,Tablet/Capsule,YES,YES,,0,,
243,ACYCLOR PLUS (ACECLOFENAC & PARACETAMOL),ACYCLOR PLUS,ACECLOFENAC & PARACETAMOL,Tablet/Capsule,YES,,,0,,
244,ACYCLOR TABLET (ACECLOFENAC),ACYCLOR TABLET,ACECLOFENAC,Tablet/Capsule,YES,,,0,,
245,DUPHASTON 10MG,DUPHASTON 10MG,,Tablet/Capsule,YES,,,0,,
246,ACETAZOLAMIDE 250MG,ACETAZOLAMIDE 250MG,,Tablet/Capsule,YES,,,0,,
247,ESOMEPRAZOLE 20MG BY ESOHEAL,ESOMEPRAZOLE 20MG BY ESOHEAL,,Tablet/Capsule,YES,,,0,,
248,ESIDREX 25MG,ESIDREX 25MG,,Tablet/Capsule,YES,,,0,,
249,ROBINAX (METHOCARBAMOL 500MG),ROBINAX,METHOCARBAMOL 500MG,Tablet/Capsule,YES,,,0,,
250,CLINDAMIN (DALACAP) 300MG,CLINDAMIN 300MG,DALACAP,Tablet/Capsule,YES,,,0,,
251,RANIDINE 300MG BY RANITA,RANIDINE 300MG BY RANITA,,Tablet/Capsule,YES,,,0,,
252,UNIVAL 5MG DIAZEPAM,UNIVAL 5MG DIAZEPAM,,Tablet/Capsule,YES,,,0,,
253,LIVOLIN FORTE,LIVOLIN FORTE,,Tablet/Capsule,YES,,,0,,
254,ARENAX PLUS FORTE 80/480,ARENAX PLUS FORTE 80/480,,Tablet/Capsule,YES,,,0,,
255,SECNIDAZOLE SWISEE 500MG,SECNIDAZOLE SWISEE 500MG,,Tablet/Capsule,YES,YES,,0,,
256,TELMISARTAN 80MG BY 30,TELMISARTAN 80MG BY 30,,Tablet/Capsule,YES,,,0,,
257,DAY BY DAY (MULTIVITAMIN),DAY BY DAY,MULTIVITAMIN,Tablet/Capsule,YES,,,0,,
258,RANFERON CAPSULE -12,RANFERON CAPSULE -12,,Tablet/Capsule,YES,,,0,,
259,GLUCOPHAGE TAB,GLUCOPHAGE TAB,,Tablet/Capsule,YES,,,0,,
260,BRUSTAN TAB (IBUPROFEN) 400MG,BRUSTAN TAB 400MG,IBUPROFEN,Tablet/Capsule,YES,,,0,,
261,FELVIN CAPSULE 20MG,FELVIN CAPSULE 20MG,,Tablet/Capsule,YES,,,0,,
262,CALCIMAX CALCIUM TAB,CALCIMAX CALCIUM TAB,,Tablet/Capsule,YES,,,0,,
263,HYDREX TAB (HYDROCHLOROTHIAZIDE),HYDREX TAB,HYDROCHLOROTHIAZIDE,Tablet/Capsule,YES,,,0,,
264,LOXAGYL 400MG (METRONIDAZOLE),LOXAGYL 400MG,METRONIDAZOLE,Tablet/Capsule,YES,,,0,,
265,LOXAGYL 200MG (METRONIDAZOLE),LOXAGYL 200MG,METRONIDAZOLE,Tablet/Capsule,YES,,,0,,
266,B-COMPLEX TAB BY 100,B-COMPLEX TAB BY 100,,Tablet/Capsule,YES,,,0,,
267,WELL 100MG VITABIOTICS,WELL 100MG VITABIOTICS,,Tablet/Capsule,YES,,,0,,
268,SEMTEAL 5MG,SEMTEAL 5MG,,Tablet/Capsule,YES,,,0,,
269,STUGERON (CINNARIZINE) 25MG,STUGERON 25MG,CINNARIZINE,Tablet/Capsule,YES,,,0,,
270,SPIRONOLACTONE 25MG,SPIRONOLACTONE 25MG,,Tablet/Capsule,YES,,,0,,
271,METRONIGAZOLE FLANODOL 200MG BY 1000,METRONIGAZOLE FLANODOL 200MG BY 1000,,Tablet/Capsule,YES,YES,,0,,
272,AXONAL (KETOCOMZOLE TAB USP 200MG),AXONAL,KETOCOMZOLE TAB USP 200MG,Tablet/Capsule,YES,YES,,0,,
273,CINNAMOL PARACETAMOL 500MG BY 1000,CINNAMOL PARACETAMOL 500MG BY 1000,,Tablet/Capsule,YES,YES,,0,,
274,CAMOSUNNATE ADULT,CAMOSUNNATE ADULT,,Tablet/Capsule,YES,,,0,,
275,CHEMIRON BLOOD CAPSULE,CHEMIRON BLOOD CAPSULE,,Tablet/Capsule,YES,,,0,,
276,FLUCONAZOLE CAPSULE 200MG,FLUCONAZOLE CAPSULE 200MG,,Tablet/Capsule,YES,,,0,,
277,FESULF (FERROUS SULPHATE TAB 200MG),FESULF,FERROUS SULPHATE TAB 200MG,Tablet/Capsule,YES,,,0,,
278,TALEN (BROMAZEPAN) 3MG,TALEN 3MG,BROMAZEPAN,Tablet/Capsule,YES,YES,,0,,
279,TALEN (BROMAZEPAN) 1.5MG,TALEN 1.5MG,BROMAZEPAN,Tablet/Capsule,YES,YES,,0,,
280,PANADOL EXTRA,PANADOL EXTRA,,Tablet/Capsule,YES,,,0,,
281,BIOPHAGE (METROFORMIN) 500MG,BIOPHAGE 500MG,METROFORMIN,Tablet/Capsule,YES,YES,,0,,
282,APETAKRIS (CYPROHEPLADINE 4MG),APETAKRIS,CYPROHEPLADINE 4MG,Tablet/Capsule,YES,YES,,0,,
283,CAC 1000 PLUS,CAC 1000 PLUS,,Tablet/Capsule,YES,,,0,,
284,(NEW DIVINE) CHEST AND LUNGS,CHEST AND LUNGS,NEW DIVINE,Tablet/Capsule,YES,,,0,,
285,CHLORPHENIRAMINE 4MG BY 1000,CHLORPHENIRAMINE 4MG BY 1000,,Tablet/Capsule,YES,,,0,,
286,AROGUANIL PALUDRINE BY 100 TAB,AROGUANIL PALUDRINE BY 100 TAB,,Tablet/Capsule,YES,YES,,0,,
287,TAB MISOPROSTOL 200MG,TAB MISOPROSTOL 200MG,,Tablet/Capsule,YES,,,0,,
288,AUGUMENTIN 1G,AUGUMENTIN 1G,,Tablet/Capsule,YES,YES,,0,,
289,PANADOL 1 PACK,PANADOL 1 PACK,,Tablet/Capsule,YES,,,0,,
290,MATHIZAN 3MG X 500MG,MATHIZAN 3MG X 500MG,,Tablet/Capsule,YES,YES,,0,,
291,AMLODIPINE BY TEVA 1 PACK,AMLODIPINE BY TEVA 1 PACK,,Tablet/Capsule,YES,,,0,,
292,ASOMEX TN - 5 (AMLODIPINE CAPSULE),ASOMEX TN - 5,AMLODIPINE CAPSULE,Tablet/Capsule,YES,,,0,,
293,SYNEROO TM TAB (CALOGOLINE),SYNEROO TM TAB,CALOGOLINE,Tablet/Capsule,YES,YES,,0,,
294,ATORVASTAIN 10MG BY DARLI,ATORVASTAIN 10MG BY DARLI,,Tablet/Capsule,YES,YES,,0,,
295,NIFECARD XL 30MG (NIFEDIPINE),NIFECARD XL 30MG,NIFEDIPINE,Tablet/Capsule,YES,,,0,,
296,OMEGA H3,OMEGA H3,,Tablet/Capsule,YES,,,0,,
297,COD LIVER OIL,COD LIVER OIL,,Tablet/Capsule,YES,,,0,,
298,VITAMIN E 1000 I.V,VITAMIN E 1000 I.V,,Tablet/Capsule,YES,,,0,,
299,BUSCOPAN (HYOSINE BUTYBROMIDE,BUSCOPAN (HYOSINE BUTYBROMIDE,,Tablet/Capsule,YES,YES,,0,,
300,UIDAGLIPTIN 50MG,UIDAGLIPTIN 50MG,,Tablet/Capsule,YES,YES,,0,,
301,ALPHABETIC MULTIVITAMIN,ALPHABETIC MULTIVITAMIN,,Tablet/Capsule,YES,,,0,,
302,KEPPRA 250MG (LEVETIRASETAM),KEPPRA 250MG,LEVETIRASETAM,Tablet/Capsule,YES,YES,,0,,
303,KEPPRA 500MG,KEPPRA 500MG,,Tablet/Capsule,YES,,,0,,
304,PROBIOTIC 30 CAPSULE,PROBIOTIC 30 CAPSULE,,Tablet/Capsule,YES,,,0,,
305,SELENIUM 200MG,SELENIUM 200MG,,Tablet/Capsule,YES,,,0,,
306,CLOMID (CLOMIPHENE CITRATE),CLOMID,CLOMIPHENE CITRATE,Tablet/Capsule,YES,,,0,,
307,OVUMINE 50 (CLOMIPHENE CITRATE),OVUMINE 50,CLOMIPHENE CITRATE,Tablet/Capsule,YES,,,0,,
308,TAB LABETRALOL 100MG,TAB LABETRALOL 100MG,,Tablet/Capsule,YES,YES,,0,,
309,TRANEXAMIC ACID TAB 500MG,TRANEXAMIC ACID TAB 500MG,,Tablet/Capsule,YES,,,0,,
310,ZINC SULPHATE TAB,ZINC SULPHATE TAB,,Tablet/Capsule,YES,,,0,,
311,PYTHROCIN AZITHROMYCIN 500MG,PYTHROCIN AZITHROMYCIN 500MG,,Tablet/Capsule,YES,YES,,0,,
312,ZENTIEL ALBENDAZOLE 200MG,ZENTIEL ALBENDAZOLE 200MG,,Tablet/Capsule,YES,YES,,0,,
313,CENOX TN (CIPROFLOXACIN & TN),CENOX TN,CIPROFLOXACIN & TN,Tablet/Capsule,YES,,,0,,
314,ZIMILAT 625MG (AMOXICILIN & POTA),ZIMILAT 625MG,AMOXICILIN & POTA,Tablet/Capsule,YES,YES,,0,,
315,OXISPA CEFUROXIME 500MG,OXISPA CEFUROXIME 500MG,,Tablet/Capsule,YES,,,0,,
316,FLU-J TABLET,FLU-J TABLET,,Tablet/Capsule,YES,,,0,,
317,DR MEYERS FOLIC ACID BY 1000,DR MEYERS FOLIC ACID BY 1000,,Tablet/Capsule,YES,,,0,,
318,DR MEYERS FOLIC + B12 BY 1000,DR MEYERS FOLIC + B12 BY 1000,,Tablet/Capsule,YES,,,0,,
319,GENEVIN GRISE OFULUIN 500MG,GENEVIN GRISE OFULUIN 500MG,,Tablet/Capsule,YES,YES,,0,,
320,CHLORAMPHENICOL 250MG TAB,CHLORAMPHENICOL 250MG TAB,,Tablet/Capsule,YES,,,0,,
321,ERITHROMYCIN TAB BY FRESHBORN,ERITHROMYCIN TAB BY FRESHBORN,,Tablet/Capsule,YES,YES,,0,,
322,COTHRIAL FORTE,COTHRIAL FORTE,,Tablet/Capsule,YES,,,0,,
323,FLUCONAZOLE CAPSULE 200MG,FLUCONAZOLE CAPSULE 200MG,,Tablet/Capsule,YES,,DUPLICATE,0,,
324,CIMETIDINE CAP BP 400MG,CIMETIDINE CAP BP 400MG,,Tablet/Capsule,YES,,,0,,
325,PYRANTRIN TAB,PYRANTRIN TAB,,Tablet/Capsule,YES,,,0,,
326,CIPROTAB 500MG BY 10,CIPROTAB 500MG BY 10,,Tablet/Capsule,YES,,,0,,
327,PARA 1000 BY EMZOR,PARA 1000 BY EMZOR,,Tablet/Capsule,YES,,,0,,
328,LOKMAL,LOKMAL,,Tablet/Capsule,YES,,,0,,
329,EMCAP PARACETAMOL CAPLET,EMCAP PARACETAMOL CAPLET,,Tablet/Capsule,YES,,,0,,
330,ERYTHROMYCIN 500MG BY ERYTHROTEX,ERYTHROMYCIN 500MG BY ERYTHROTEX,,Tablet/Capsule,YES,,,0,,
331,WORMOTH ALBENDAZOLE 200MG TAB,WORMOTH ALBENDAZOLE 200MG TAB,,Tablet/Capsule,YES,,,0,,
332,CETIDYN LEUOETRIZINE TAB,CETIDYN LEUOETRIZINE TAB,,Tablet/Capsule,YES,YES,,0,,
333,PIROXICAM CAPSULE 200MG BY PILOXICAM,PIROXICAM CAPSULE 200MG BY PILOXICAM,,Tablet/Capsule,YES,,,0,,
334,CIPROFLOXACIN 500MG BY PILOTAB,CIPROFLOXACIN 500MG BY PILOTAB,,Tablet/Capsule,YES,,,0,,
335,METRONIDAZOLE 400MG BY FAMAGYL,METRONIDAZOLE 400MG BY FAMAGYL,,Tablet/Capsule,YES,,,0,,
336,HONNIDIL TADALIL 20MG TAB,HONNIDIL TADALIL 20MG TAB,,Tablet/Capsule,YES,YES,,0,,
337,PELROZE VITAMIN C CHEWABLE 500MG,PELROZE VITAMIN C CHEWABLE 500MG,,Tablet/Capsule,YES,,,0,,
338,LYNSUNATE FORTE 80/480MG,LYNSUNATE FORTE 80/480MG,,Tablet/Capsule,YES,,,0,,
339,WELLROZE TAB,WELLROZE TAB,,Tablet/Capsule,YES,,,0,,
340,TAB COCODAMOL 30/500MG,TAB COCODAMOL 30/500MG,,Tablet/Capsule,YES,,,0,,
341,CAP VITALOX (AMPICLOX UNBRANDED),CAP VITALOX,AMPICLOX UNBRANDED,Tablet/Capsule,YES,,,0,,
342,ACICLOVIR 200MG (UNBRANDED),ACICLOVIR 200MG,UNBRANDED,Tablet/Capsule,YES,,,0,,
343,ACICLOVIR 400MG (UNBRANDED),ACICLOVIR 400MG,UNBRANDED,Tablet/Capsule,YES,,,0,,
344,SHALE'ATEM TAB,SHALE'ATEM TAB,,Tablet/Capsule,YES,,,0,,
345,CATAFLAM,CATAFLAM,,Tablet/Capsule,YES,,,0,,
346,AMLODIPINE 10MG BY FRESHBORN,AMLODIPINE 10MG BY FRESHBORN,,Tablet/Capsule,YES,,,0,,
347,TAB SUPERGESIC,TAB SUPERGESIC,,Tablet/Capsule,YES,,,0,,
348,TAB PREGMUM,TAB PREGMUM,,Tablet/Capsule,YES,,,0,,
349,DARAVITE FORTE,DARAVITE FORTE,,Tablet/Capsule,YES,,,0,,
350,SIRDALUD (TIZANIDINE) 2MG,SIRDALUD 2MG,TIZANIDINE,Tablet/Capsule,YES,,,0,,
351,SIRDALUD (TIZANIDINE) 4MG,SIRDALUD 4MG,TIZANIDINE,Tablet/Capsule,YES,,,0,,
352,CELECOXIB (BY POCCO),CELECOXIB,BY POCCO,Tablet/Capsule,YES,,,0,,
353,CALCIUM (CAL-D3),CALCIUM,CAL-D3,Tablet/Capsule,YES,,DUPLICATE,0,,
354,VITAMIN C 1000MG (NATURE FIELD),VITAMIN C 1000MG,NATURE FIELD,Tablet/Capsule,YES,,,0,,
355,DARAVITE WOMAN,DARAVITE WOMAN,,Tablet/Capsule,YES,,,0,,
356,WELL WOMAN 50+,WELL WOMAN 50+,,Tablet/Capsule,YES,,,0,,
357,WELL WOMAN 70+,WELL WOMAN 70+,,Tablet/Capsule,YES,,,0,,
358,LORATIDINE (UNBRANDED),LORATIDINE,UNBRANDED,Tablet/Capsule,YES,YES,,0,,
359,VITAMIN D,VITAMIN D,,Tablet/Capsule,YES,,,0,,
360,VITAMIN E,VITAMIN E,,Tablet/Capsule,YES,,,0,,
361,PROBIOTICS GUMIES,PROBIOTICS GUMIES,,Tablet/Capsule,YES,YES,,0,,
362,CRANBERRY GUMIES,CRANBERRY GUMIES,,Tablet/Capsule,YES,YES,,0,,
363,TAB SINUFED,TAB SINUFED,,Tablet/Capsule,YES,,,0,,
364,TAB EPILIM,TAB EPILIM,,Tablet/Capsule,YES,,,0,,
365,AST0VASTATIN 20 (ASTIN 20),AST0VASTATIN 20,ASTIN 20,Tablet/Capsule,YES,YES,,0,,
366,TAB CALCIUM BY 1000,TAB CALCIUM BY 1000,,Tablet/Capsule,YES,,,0,,
367,TAB PRIMOLUT N,TAB PRIMOLUT N,,Tablet/Capsule,YES,,,0,,
368,TAB BRUSTAN N,TAB BRUSTAN N,,Tablet/Capsule,YES,,,0,,
369,UNBRANDED WHITE POSTINOR,UNBRANDED WHITE POSTINOR,,Tablet/Capsule,YES,,,0,,
370,VITACLOX 250MG AMOXICILLIN CAPSULE,VITACLOX 250MG AMOXICILLIN CAPSULE,,Tablet/Capsule,YES,,,0,,
371,PERFECTIL SKIN AND NAILS,PERFECTIL SKIN AND NAILS,,Tablet/Capsule,YES,,,0,,
372,CQ10,CQ10,,Tablet/Capsule,YES,,,0,,
373,LASMEGA CEFUROXIME 250MG,LASMEGA CEFUROXIME 250MG,,Tablet/Capsule,YES,,,0,,
374,SYSCAN 150MG FLUCONAZOLE,SYSCAN 150MG FLUCONAZOLE,,Tablet/Capsule,YES,,,0,,
375,MIFEPRISTONE TAB,MIFEPRISTONE TAB,,Tablet/Capsule,YES,,,0,,
376,FESULF FERROUS SULFATE BY 1000,FESULF FERROUS SULFATE BY 1000,,Tablet/Capsule,YES,,,0,,
377,EMZOR PARACETAMOL BY 1000,EMZOR PARACETAMOL BY 1000,,Tablet/Capsule,YES,,,0,,
378,METRONIDAZOLE BY 1000,METRONIDAZOLE BY 1000,,Tablet/Capsule,YES,,,0,,
379,UNICID TRISILLATE MAGNESIUM,UNICID TRISILLATE MAGNESIUM,,Tablet/Capsule,YES,YES,,0,,
380,SPIRONOLACTONE 50MG BY DONY,SPIRONOLACTONE 50MG BY DONY,,Tablet/Capsule,YES,,,0,,
381,SPIRONOLACTONE 25MG,SPIRONOLACTONE 25MG,,Tablet/Capsule,YES,,DUPLICATE,0,,
382,MAXIRON BLOOD CAPSULE,MAXIRON BLOOD CAPSULE,,Tablet/Capsule,YES,,,0,,
383,TAB AMITRIPTYLINE,TAB AMITRIPTYLINE,,Tablet/Capsule,YES,,,0,,
384,TAB NITROFURANTOIN,TAB NITROFURANTOIN,,Tablet/Capsule,YES,,,0,,
385,CEFIXIME EZCEF 200MG,CEFIXIME EZCEF 200MG,,Tablet/Capsule,YES,,,0,,
386,ASTOVASTATIN 20MG TEVA,ASTOVASTATIN 20MG TEVA,,Tablet/Capsule,YES,YES,,0,,
387,FLUCAMED FLUCONAZOLE 50MG,FLUCAMED FLUCONAZOLE 50MG,,Tablet/Capsule,YES,,,0,,
